Intent,Utterance
additional-coverage,What are the Additional Coverage (Top-Up) options available
additional-coverage,what are the top up options available
additional-coverage,What are the Additional Coverage options available
additional-coverage,available top up options
additional-coverage,Additional Coverage options available that are available
additional-coverage,What are the top-up options that are available
additional-coverage,what is the top up plan under mediclaim
additional-coverage,top up plan under mediclaim
additional-coverage,what is a topup plan under mediclaim
additional-coverage,topup plan under mediclaim
additional-coverage,What are the topup options that are available
additional-coverage,What are the Additional Coverage  topup options available
am-i-eligible,Am I eligible for promotion
am-i-eligible,Am I eligible for progression
am-i-eligible,Am I eligible for progression or promotion
amazing,Amazing
any-plans-for-the-weekend,Any plans for the weekend
apply,register for maternity leave
apply-for-vacancy-and-promotion,When I apply for a vacancy and get selected will i get a promotion
apply-for-vacancy-and-promotion,will i get a promotion if i get selected after applying for a vacancy
apply-leave,i want to apply leave
apply-leave,Apply Leave
apply-leave,i want to apply leave from tuesday to thursday
apply-leave,i want to apply leave
apply-leave,i want to apply leave for ond day
apply-leave,i want to apply leave from monday
apply-leave, apply leave from may 1st
apply-leave,i want to apply leave from tuesday till thursday
apply-leave,what is the procedure to apply leave
apply-leave,i want to apply leave from apr-1 to apr-3
apply-leave,i want to apply leave from next monday
apply-leave,What are the steps to apply leave
apply-leave,i want to apply  leave from 1-apr to 5-apr
apply-leave,apply leave from
apply-leave,i want to apply one day leave
apply-leave,Application for leave
apply-leave,leave application
apply-leave,leave request
apply-leave,How can I apply for leave? 
apply-leave,please book my leave
apply-leave,i want to book a leave
apply-leave,i want to book a leave tomorrow
apply-leave,i want to book a leave on 24th august
apply-leave,apply leave for five days
apply-leave,apply leave for 5 days from tomorrow
apply-leave,apply leave for five days from 23/04/2019
apply-leave,i want to book a leave on 23rd january
apply-leave,I need to take a leave
apply-leave,I need to take a leave on tomorrow
apply-leave,I need to take a leave from next friday
apply-leave,I need to take a leave on 23rd september
apply-leave,Mark Leave
apply-leave,How can I mark leave?
apply-leave,I want to get leaves?
apply-leave,Apply a day off.
apply-leave,I want to get a day off
apply-leave,I want to take off from work
apply-leave,I want to mark leaves?
apply-leave,I want to take a day off
apply-leave,I wanna take a day off
apply-leave,i said i want to take a break
apply-leave,I want to apply  leave from June 15th till June 22nd
apply-leave,apply annual leave
are-you-a-robot,Are you a robot?
are-you-an-idiot,are you an idiot
are-you-expensive,Are you expensive?
are-you-having-kids,are you having kids
are-you-human,Are you human? 
are-you-mad,are you mad
are-you-mad,you're mad
are-you-mad,you are mad
are-you-married,Are you married
are-you-married,Are you married?
are-you-my-friend,Are you my friend?
are-you-ok,Are you ok?
are-you-on-instagram,Are you on twitter
are-you-on-instagram,Are you on fb
are-you-on-instagram,Are you on instagram
are-you-real,Are you real?
are-you-single,Are you single?
are-you-smarter-than-me-greater-than,Are you smarter than me>
are-you-stupid,are you stupid
are-you-stupid,you are stupid
are-you-stupid,stupid
are-you-stupid,idiot
are-you-stupid,are you idiot
are-you-stupid,you're an idiot
are-you-stupid,you are idiot
are-you-stupid,you're stupid
are-you-stupid,you must be idiot
are-you-stupid,you idiot
are-you-stupid,you stupid
are-you-stupid,you must be stupid
arriving-at-role-banding,How did we arrive at the new bands? OR What was the rationale for reducing role bands?
arriving-at-role-banding,How did we arrive at the new bands?
arriving-at-role-banding,What was the rationale for reducing role bands?
arriving-at-role-banding,How did we arrive at the role banding?
arriving-at-role-banding,rationale behind my new band
arriving-at-role-banding,rationale behind my new role
arriving-at-role-banding,what i the reason for arriving at role banding
arriving-at-role-banding,How did we arrive at the role banding?
arriving-at-role-banding,basis for my role band 
arriving-at-role-banding,on what basis my role band was selected
arriving-at-role-banding,how is my band decided
arriving-at-role-banding,how is my role band defined
arriving-at-role-banding,how is the role band finalized
arriving-at-role-banding,how my role band decided
arriving-at-role-banding,how is my role band decided
arriving-at-role-banding,how my role band has been decided
arriving-at-role-banding,how role band is selected
arriving-at-role-banding,how role banding is decided
arriving-at-role-banding,how the role bands were decided
arriving-at-role-banding,how was role bands determined
arts,dance
arts,can u dance
arts,music
arts,sing
arts,play some music
arts,can u play with me
arts,i want to play with you
arts,play
arts,will u dance
attendance,Attendance
attendance,Where can I mark my attendance
attendance,mark my attendance
awesome,Awesome
awesome,awesum
awesome,awesme
awesome,its just awesome
awesome,you are awesome
awesome,awesome man
awesome,you're awesome
band-equivalent-role-banding,"I am right now in R1A, I should have been in R1B, with the re banding project will I be placed band equivalent to R1B or R1A."
band-equivalent-role-banding,I was hired at R1B however the role that I am doing is that of a R2A currently. Post re-banding will my role be pegged equivalent to an R2.
band-equivalent-role-banding,post re banding equivalent role?  
band-equivalent-role-banding,What is the equivalent band of R1 in the new banding structure
band-equivalent-role-banding,"What is equivalent role band, in the earlier band structure, for band Violet"
band-equivalent-role-banding,"What is equivalent role band, in the earlier band structure, for band Red"
band-equivalent-role-banding,"I am senior to my colleagues but am placed in the same band , is this a demotion"
band-equivalent-role-banding,my role as per new structure
band-equivalent-role-banding,what is my role as per new structure
band-equivalent-role-banding,what is my role as per new band structure
band-equivalent-role-banding,Where does previous R2A role fall into as per new structure
band-equivalent-role-banding,Where does previous R1A role fall into as per new structure
be-yourself,Be yourself.
benefits,what are the benefits for maternity leave
benefits,advantages of adoption leave
benefits,what benefits are offered as part of maternity leave
benefits,benefits of paternity leave
benefits,How many days of leave do I get
benefits,duration of adoption leave
benefits,How long is my maternity leave for
benefits,what is the duration of paternity leave
benefits,how many days off do employees get as part of maternity leave
benefits,what is the coverage of maternity leave
benefits,show me all the benefits for maternity  
benefits,what are the benefits of leave
benefits,benefits of leave
benefits,what are the benefits of additional maternity  
benefits,what are the benefits of additionalmaternity
benefits,additional maternity benefits
bf,you're handsome 
bf,I love you
bf,Will you marry me
bf,i want to know you better
bf,how about a part on weekend
bf,i want to know more about you
bf,you're looking good
bf,How was the vacation? Where’d you go?
bf,You are my pride and joy.
bf,talk about yourself
bf,i want to marry you
bf,you look pretty
bf,mind blowing
bf,amazing
can-u-fly,can u jump
can-u-fly,can u dance
can-u-fly,can u fly
can-u-fly,can u run
can-u-fly,do you know swimming
can-u-fly,do you go to gym
can-u-fly,do you know singing
can-u-fly,can u bite
can-u-fly,can u swim
can-u-fly,do you know dancing
can-u-fly,do you know programming
can-u-fly,can u kick
can-you-cook,Can you cook
can-you-dance,Can you dance
can-you-dance,do you dance
can-you-dance,do you know how to dance
can-you-fly,Can you fly?
can-you-run,Can you run?
can-you-see-me,Can you see me?
can-you-sing-a-song,Can you sing a song
can-you-sing-a-song,sing a song
can-you-sing-a-song,sing a song for me
can-you-sing-a-song,can you sing
checks-in-role-banding,What are checks and balances used? OR Did HR do this exercise without understanding my role? Were there any biases?
checks-in-role-banding, Did HR do this exercise without understanding my role?
checks-in-role-banding,Were there any biases while doing role banding?
checks-in-role-banding,What are checks and balances used?
checks-in-role-banding,Were there any biases?
client-facing-roles,i am meeting clients. what is my designation
client-facing-roles,i am meeting clients. what is going to be  designation
client-facing-roles,i am meeting clients. what is going to be my designation
client-facing-roles,i have  a client facing role
client-facing-roles,i have a bussiness facing role
client-facing-roles,i have a business facing role
client-facing-roles,customer facing role
client-facing-roles,i go to b2b events. what will be my designations
client-facing-roles,i interact with people from external formus
client-facing-roles,client facing roles
co-payment-percentage,what is the co payment percentage
co-payment-percentage,what is the co-payment percentage
co-payment-percentage,what is the co payment percentage for dependents
co-payment-percentage,what is the co payment percentage for childrens
co-payment-percentage,what is the co payment percentage for spouse
coffee-or-tea-chai,do you like tea
coffee-or-tea-chai,what do you prefer tea or like
coffee-or-tea-chai,Coffee or Tea / chai
coffee-or-tea-chai,do you like coffee
coffee-or-tea-chai,what do you think is better tea or coffee
comparing-with-old-band,What does new band mean compared to my old role band
comparing-with-old-band,Does this mean I am going up or down?
comparing-with-old-band,comparision with my old band
comparing-with-old-band,Did my band move up or down
comparing-with-old-band,was my movement up or down
comparison-with-external-market,"With no designations, how will I compare myself relative to external market?"
comparison-with-external-market,how will I compare myself relative to external market?
comparison-with-external-market,how to compare me with external market
comparison-with-external-market,how to compare with external market
comparison-with-external-market,how to compare with competitors
comparison-with-external-market,how to compare with other professionals
comparison-with-external-market,compare with competitors
comparison-with-external-market,will i be able to compare my self with others 
comparison-with-external-market,how to compare myself with others
comparison-with-external-market,how to compare with peers
comparison-with-external-market,all my peers have designation
confusion-using-terms,confusing using terms
confusion-using-terms,Why are we confusing using terms promotions and progression? 
confusion-using-terms,promotion & progression sounds confusing
confusion-using-terms,promotion and progression sounds confusing
confusion-using-terms,confusing using terms promotion and progression
contact-details-medclaim,Whom should I contact for escalations
contact-details-medclaim,whom should i contact
contact-details-medclaim,who is the contact person for medclaim queries
contact-details-medclaim,who should i escalate to
contact-details-medclaim,What is the coverage
contact-details-medclaim,What is the  medical coverage
contact-details-medclaim,What is my medical coverage
contact-details-medclaim,what is my coverage
contact-details-medclaim,what is my deduction amount
contact-details-medclaim,What is the coverage under medical policy
contact-details-medclaim,medical policy coverage
contact-details-medclaim,Whom did I nominate for mediclaim coverage
contact-incase-of-no-promotion,I didn’t get promotion. whom should i connect to 
contact-incase-of-no-promotion,I didn’t get progression. whom should i connect with
contact-incase-of-no-promotion,Whom should i contact incase i didn't get any promotion
contact-incase-of-no-promotion,Whom should i contact incase i didn't get any progression
contact-incase-of-no-promotion,I didn’t get progression. whom should i talk to regarding this
contact-incase-of-no-promotion,I didn’t get promoted/progression. whom should i connect with/talk to
cool,Cool
crack-a-joke,crack a joke
deduction-amount,What is the deduction amount
deduction-amount,deduction amount
deduction-amount,tell me the deduction amount
deduction-amount,how much amount is deducted
defaultmessage,main menu
defaultmessage,back
defaultmessage,go back
defaultmessage,home
defaultmessage,go to home
defaultmessage,what is your name
defaultmessage,menu
defaultmessage,home menu
designations-for-external-interactions,designations for external interactions
designations-for-external-interactions,I used to use the designation of Vice President for interactions with external forums. In the absence of designations how will I be able to influence the authorities?
designations-for-external-interactions,what designation should i use for external interaction
designations-for-external-interactions,what is my designation for external interactions
designations-for-external-interactions,external interaction designation
designations-for-external-interactions,how to  influence the authorities if there is no designation
designations-for-external-interactions,how to influence the authorities without designation
difference-progression-and-promotion,What is the difference between progression and promotion
difference-progression-and-promotion,difference between progression and promotion
difference-progression-and-promotion,tell me about the difference between progression and promotion
difference-progression-and-promotion,progression and promotion differences
difference-progression-and-promotion,list down the differences between progression and promotion
do-you-enjoy-your-work,do you enjoy your work
do-you-get-smarter,Do you get smarter?
do-you-have-a-job-for-me-where-can-i-apply,Do you have a job for me? / Where can I apply?
do-you-have-any-hobbies,Do you have any hobbies?
do-you-have-any-hobbies,what are your hobbies
do-you-have-any-siblings,Do you have any siblings?
do-you-have-kids,You have kids
do-you-have-kids,Do you have kids
do-you-have-kids,do you have kids
do-you-like-coffee,do you like coffee
do-you-like-tea,do you like tea
do-you-love-me-i-love-you,Do you love me?/ I love you.
do-you-watch-tv,do you watch tv
dont-like-the-new-band,I dont like the new role banding structure
dont-like-the-new-band,i dont like the new Structure
dont-like-the-new-band,i am not happy with the role banding whom to connect?
dont-like-the-new-band,whom to connect for role banding queries
dont-like-the-new-band,i am not happy with my band
dont-like-the-new-band,i am not satisfied with my band
dont-like-the-new-band,i do not want role banding
dont-like-the-new-band,unhappy with role banding
dont-like-the-new-band,i feel bad about current structure
dont-like-the-new-band,i feel bad about the current sturcture
dont-like-the-new-band,i feel bad about the new sturcture
education,what is your education
education,your qualification
education,Where have you studied from
education,your education background
eligibility-criteria,What is the eligibility criteria for Progression
eligibility-criteria,What is the eligibility criteria for Promotion
eligibility-criteria,What is the eligibility criteria for Cyclic Readiness Assessments
eligibility-criteria,What is the eligibility criteria for Need based Readiness Assessments
eligibility-criteria, Need based Readiness Assessments eligibility criteria
eligibility-criteria,who are eligible for a promotion
eligibility-criteria,who are eligible for a progression
eligibility-criteria,Will i be eligible for a progression
eligibility-criteria,What is the eligibility for a promotion
eligibility-criteria,I have completed two years in my role. Am I eligible for a promotion
eligibility-criteria,I have completed two years in my role. Why didn’t I get a promotion
enjoy-your-meal,I am going for a date
enjoy-your-meal,I am going for dinner
enjoy-your-meal,I’m going to lunch
enrollment-open,when will enrollment be open
enrollment-open,when is enrollment  closed
enrollment-open,Is enrolment open?
enrollment-open,when will enrollment be open
enrollment-open,enrollment open
enrollment-open,Is enrolment open
enrollment-open,is my enrolment open?
enrollment-open,enrolment open?
enrollment-period,What is the enrolment period
enrollment-period,What is the enrollment period
enrollment-period,for what period the enrollment window is opened
enrollment-period,enrollment window open period date
enrollment-period,What is the enrolment period
enrollment-period,What is the enrolment period
enrollment-period,enrollment period
favourite-movie,favourite cinema
favourite-movie,which movie do you like most
favourite-movie,which cinema do you like most
favourite-movie,favourite movie
favourite-movie,Whats your favourite movie
favourite-song,what is your favourite song
favourite-song,favourite song
favourite-song,can you recommend some music
favourite-song,favorite song
favourite-song,which song do you like the most
favourite-song,fav song
favourite-song,favourite song?
frequency,frequency
frequency,frequency
frequency,frequency
frequency,frequency
fun,fun
glad-to-meet-you,Glad to meet you
good-day,Today’s going to be a great day! I can feel it!
good-day,have a good day
good-day,Have a rock n’ roll day!
good-day,have a good day
good-day,Have a nice day
growth-prospects,What will be my growth prospects in case there are no next level roles? 
growth-prospects,In my role I don’t see a space to move further upward in terms of promotion as there is no vacancy. How do I grow in my career here then?
growth-prospects,growth prospects
growth-prospects,what are my growth prospects
growth-prospects,what about growth
help,Help
holiday-options,Holiday Options
holiday-options,options for holidays
holidays,holiday on 25th nov
holidays,holidays after 2nd april
holidays,all the holidays 
holidays,holidays from 12th august to 15th december
holidays,holidays in dec
holidays,i want to know holidays in
holidays,can you please tell me the holiday list
holidays,i want to check a holiday list for telangana
holidays,i want to check a holiday list for hyderabad
holidays,holidays list
holidays,upcoming holidays
holidays,i would like to know about holidays
holidays,holiday calendar
holidays,what are the upcoming holidays
holidays,do we have a holiday on 15th august 2019 in telangana
holidays,was 8th may a holiday in baddi
holidays,was yesterday a holiday in andhra pradesh
holidays,do we have a holiday on 16th march in andhra pradesh
holidays,was yesterday a holiday
holidays,do we have any holiday on 25th december
holidays,do we have a holiday on 30th july in andhra pradesh
holidays,is tomorrow a holiday
holidays,is there a holiday on 17th march in telangana
holidays,is 14/6/2019 a holiday
holidays,how many holidays are there
holidays,holidays next month
holidays,holidays this month
holidays,can you please tell me the holidays in the month of march 2019
holidays,long weekends
holidays,long weekends in august
holidays,when is the next long weekend
holidays,long weekend in January
holidays,can you help me with the holiday list pls
holidays,holiday list
holidays,please provide holiday list
holidays,show list of holidays
holidays,when do i have a long weekend coming up
how-are-you,are you fine
how-are-you,are you ok
how-are-you,you fine
how-are-you,you okay
how-are-you,are your feeling ok
how-are-you,what's your health condition
how-are-you,how's your health
how-are-you,how are you
how-are-you,How are you?
how-can-i-get-promoted,what do I have to do to get promoted
how-can-i-get-promoted,How can I get promoted
how-can-i-get-promoted,what should I do to get promoted
how-can-i-get-promoted,For progression what is the criteria
how-can-i-get-promoted,how i can get promotion
how-can-i-get-promoted,get promotion
how-can-i-get-promoted,why are not given promotion
how-can-i-get-promoted,How will I be evaluated for a promotion
how-can-i-get-promoted,How will I be evaluated for a progression
how-can-i-get-promoted,How can I be evaluated for a progression
how-can-i-get-promoted,i want a promotion what should i do?
how-can-i-get-promoted,what do i need to do to get a promotion
how-can-i-get-promoted,how will get promoted
how-can-i-move-to-the-next-sub-band,How can I move to the next sub-band
how-can-i-move-to-the-next-sub-band,when can i move to the next sub-band
how-can-i-move-to-the-next-sub-band,criteria for progression
how-can-i-move-to-the-next-sub-band,how do i progress
how-can-i-move-to-the-next-sub-band,how can move to diagonal role
how-can-i-move-to-the-next-sub-band,How Progression is given
how-can-i-move-to-the-next-sub-band,progressions
how-can-you-help-me,How can you help me?
how-can-you-help-me,how-can-you-help-me
how-can-you-help-me,how can you help me
how-can-you-help-me,what can you do for me
how-can-you-help-me,how can you help me
how-can-you-help-me,I need your help
how-can-you-help-me,whaat good are you
how-can-you-help-me,what features do you have
how-can-you-help-me,what can you do for me today
how-can-you-help-me,How else can you help me
how-can-you-help-me,list your features
how-do-i-get-to-the-next-level,How do I get to the next level
how-do-i-get-to-the-next-level,How do I get to the next band
how-do-i-get-to-the-next-level,How to move to next band
how-do-i-get-to-the-next-level,next role band for me
how-do-i-get-to-the-next-level,What is the next role band for me
how-do-i-get-to-the-next-level,About next level
how-do-i-get-to-the-next-level,Am I eligible for progression to band 
how-do-i-get-to-the-next-level,Am I eligible for progression to next band 
how-do-i-get-to-the-next-level,when i got next progression
how-do-i-get-to-the-next-level,when will I get progression
how-do-i-get-to-the-next-level,will i get a progression
how-do-i-know-my-promotion-increment,How do I know my promotion increment
how-do-i-know-my-promotion-increment,how to know my promotion increment
how-do-i-know-my-promotion-increment,what is my promotion increment
how-do-i-know-my-promotion-increment,any promotion increment
how-do-i-know-my-promotion-increment,my promotion increment
how-do-i-login-to-mediclaim,How do i login to Mediclaim
how-do-i-login-to-mediclaim, Mediclaim login
how-do-i-login-to-mediclaim,login to Mediclaim
how-do-i-login-to-mediclaim,link to login into mediclaim
how-is-this-use-full-to-me,How is this use full to me
how-is-this-use-full-to-me,how is role banding use full to me
how-is-this-use-full-to-me,is there any use by role banding for me
how-is-this-use-full-to-me,how will i get benefitted by role banding
how-is-this-use-full-to-me,How do the new role bands help me
how-is-this-use-full-to-me,How will this change help me
how-is-this-use-full-to-me,What’s in it for me?
how-is-this-use-full-to-me,What’s the point in all this
how-is-this-use-full-to-me,what is the advantage
how-is-this-use-full-to-me,what is the advantage of role banding
how-is-this-use-full-to-me,what is the advantage of role bands
how-many-bands-are-there,Which bands have sub-bands
how-many-bands-are-there,How many bands are there
how-many-bands-are-there,Which is my next band
how-many-bands-are-there,how many role bands
how-many-bands-are-there,how many bands
how-many-bands-are-there,how many sub-bands
how-many-bands-are-there,how many sub bands
how-many-bands-are-there,structure of role banding
how-many-bands-are-there,what is the structure of role banding
how-many-bands-are-there,how are bands decided
how-many-bands-are-there,how are role bands decided
how-many-bands-are-there,how do yellow and green bands differ
how-many-bands-are-there,how do green and red bands differ
how-many-bands-are-there,How is the structure
how-many-bands-are-there,How is the band structure
how-many-bands-are-there,How is the role band structure
how-many-bands-are-there,how many total role band
how-many-bands-are-there,how many total role bands are there
how-many-bands-are-there,what are the different bands available
how-many-bands-are-there,What is Green Band
how-many-bands-are-there,What is Red Band
how-many-bands-are-there,What is Violet Band
how-many-bands-are-there,What is Indigo Band
how-many-bands-are-there,What is Blue Band
how-many-bands-are-there,What is Red Band
how-many-bands-are-there,What is Orange Band
how-many-bands-are-there,what is indigo
how-many-bands-are-there,what is violet
how-many-bands-are-there,what is blue
how-many-bands-are-there,what is green
how-many-bands-are-there,what is yellow
how-many-bands-are-there,what is red
how-many-bands-are-there,what is orange
how-many-people-can-you-speak-to-at-once,How many people can you speak to at once?
how-to-enroll-dependents,how to enroll dependents
how-to-enroll-dependents,how do i enroll dependents
how-to-enroll-dependents,i want to enroll my dependents
how-to-enroll-dependents,How do i enrol my relatives
how-to-enroll-dependents,Can i get my dependents enrolled mid-year
how-to-enroll-dependents,Is enrolment open
how-to-enroll-dependents,What is the enrolment period
how-to-enroll-dependents,I have a new family member how do i enrol
how-to-enroll-dependents,I have recently married. How do i enrol my wife/husband
how-to-enroll-dependents,i was married recently how do i enroll my wife
how-to-enroll-dependents,i was married recently how do i enroll my husband
how-to-enroll-dependents,i had kid recently how do i enroll my wife
how-to-enroll-dependents,i had kid recently how do i enroll my kid
how-to-enroll-dependents,Can I enrol my in-laws - I got married recently
how-to-enroll-dependents,i go married recently can i enroll my in laws
how-to-enroll-dependents,i got married can i enroll my wife
how-to-enroll-dependents,I have a new family member how do i enrol
how-to-enroll-dependents,I have recently married. How do i enrol my wife/husband
how-to-enroll-dependents,I had a kid recently how do i enrol
how-to-enroll-dependents,enroll-dependents-midyear
how-to-enroll-dependents,Can i get my dependents enrolled mid-year
how-to-enroll-dependents,how can i enroll my dependents mid year
how-to-get-e-cards,where can i get e cards
how-to-get-e-cards,how to get e cards
how-to-get-e-cards,i want to get a e card
how-to-get-e-cards,help me in getting e cards
how-to-get-e-cards,Where can i get ecard
how-to-get-e-cards,help me in getting ecards
how-to-get-e-cards,how to get ecards
how-to-get-e-cards,where can i get ecards
how-to-get-e-cards,I want my e-cards
how-to-get-e-cards,I want to download my mediclaim cards
how-to-get-e-cards,How do I download mediclaim ecards
how-was-the-sub-band-mapping-decided,How was the sub-band mapping decided? 
how-was-the-sub-band-mapping-decided,how is the mapping for sub band decided
how-was-the-sub-band-mapping-decided,How was the sub-band mapping decided for role banding? 
how-was-the-sub-band-mapping-decided,How was the sub band mapping decided for role banding
how-was-your-last-weekend,how was your last weekend
how-was-your-last-weekend,How was your last weekend
hows-life,how is life in bangalore
hows-life,How’s life in chennai?
hows-life,how's life
hows-life,How's life
i-am-going-for-dinner,i am going for dinner
i-am-going-for-lunch,i am going for lunch
i-am-going-for-lunch,Going for lunch
i-want-to-eat-can-you-suggest-me-something,i want to eat. can you suggest me something
im-hungry-do-you-have-any-suggestion,i'm hungry. do you have any suggestion
im-in-band-blue-can-i-get-a-progression,I’m in band blue. can I get a progression
im-in-band-blue-can-i-get-a-progression,I’m in band Green. can I get a progression 
im-in-band-blue-can-i-get-a-progression,i'm from G Band . can i get a progression
incoherent-statement,*incoherent statement*
instagram,Instagram
inter-vs-intra-band,"Inter-band, intra-band what does it mean"
inter-vs-intra-band,what is the difference between inter and intra band
inter-vs-intra-band, difference between inter vs intra band
inter-vs-intra-band,what is inter band
inter-vs-intra-band,what is intra band
inter-vs-intra-band,what does intra band mean?
inter-vs-intra-band,could you please tell the difference between inter and intra band
is-a-vacancy-needed-for-a-promotion-to-happen, Is a vacancy needed for a promotion to happen
is-a-vacancy-needed-for-a-promotion-to-happen,should there be a vacancy for promotion to happeb
is-a-vacancy-needed-for-a-promotion-to-happen,should there be a vacancy for promotion to happen
is-a-vacancy-needed-for-a-promotion-to-happen,for promotion should there be a vacany
is-a-vacancy-needed-for-a-promotion-to-happen,is vacancy mandatory for promotion
joke,tell me a joke
joke,make me laugh
joke,i want to listen to a joke
joke,crack a joke
joke,lets test your humour %. tell me a joke
joke,how about making me laugh
joke,tell me joke
laugh-acronym,lol
laugh-acronym,rofl
laugh-acronym,lmao
laugh-acronym,haha
laugh-acronym,hehe
laugh-acronym,hahaha
laugh-acronym,lmho
laughter,laugh
laughter,laughter
leave-balance,leave balance
leave-balance,my leave balance
leave-balance,what is my leave balance
leave-balance,wha is the leave balance
leave-balance,want to see leave balances
leave-balance,want to see leave balance
leave-balance,I want to see leave balances
leave-balance,I want to see leave balance
leave-balance,what is my available leave balance
leave-balance,leave entitlement balance
leave-balance,what is the leave entitlement balance
leave-balance,how many leaves are left
leave-balance,how many leaves are left
leave-balance,i want to check my leave balance
leave-balance,how many leaves in my quota
leave-balance,How many leaves do I have left?
leave-balance,how many leaves are pending
leave-balance,can you show me my leave balance
leave-balance,i want to know my remaining leaves
leave-balance,i want to know leaves remaining
leave-balance,i want to know remaining leaves
leave-balance,What is my outstanding leave count
leave-balance,outstanding leave balance
leave-balance,outstanding leave count
leave-balance,what is my current year leave entitlement
leave-balance,show me my current year leave entitlement
leave-balance,current year leave entitlement
leave-balance,my leave entitlement
leave-balance,how many priveleged leaves i have
leave-balance,show me my carry forward leaves
leave-balance,how many carry forward leaves i have
leave-balance,how many previlige leave do I have
leave-balance,how many carry forward leave do I have
leave-balance,leave entitlement
leave-balance,my leave entitlement
leave-balance,What are my leave entitlement?
leave-balance,how many leaves can I avail in the year
leave-balance,How much annual leave am I entitled to?
leave-balance,How much annual leave am I have left?
leave-balance,How many leave i m having
leave-balance,How many leaves can I avail?
leave-balance,How many leaves are left in my account?
leave-balance,Number of leaves that I have in my account?
leave-balance,Number of leaves left in my account?
leave-balance,How many leaves can i take
leave-balance,Show my leave balance
leave-balance,Leave balance.
leave-balance,I want to check leave balance
leave-balance,leave status
leave-balance,status of leave
leave-balance,what is my leave status
leave-balance,show leave bal
leave-balance,show leave balance
leave-balance,show balance for leave
leave-balance,leave bal
leave-balance, plz tell me how many leave available for me 
leave-management,leave management
leave-management,query for leave management
leave-management,leave management query
leave-requests,show me the recent leave requests
leave-requests,what are the recent leave requests
leave-requests,what are the recent leave requests
leave-requests,recent leave applications
leave-requests,recent leave application
leave-requests,show me the recent leave requets
leave-requests,what is my leave status
leave-requests,show me the status of my leave
leave-requests,my leave status
leave-requests,what is leave status
leave-requests,leave status
leave-requests,"show m,y leave status"
leave-requests,how many leaves do i have
leave-requests,show my leave status report
leave-requests,leave status
leave-requests,my leave status report
leave-requests,whats my leave status report
leave-requests,show my leave status report
leave-requests,whats my leave status
leave-requests,leave requests
list-of-hospitals,Show me the list available Hospitals
list-of-hospitals,Give me the list of hospitals connected
list-of-hospitals,list of hospitals
list-of-hospitals,tell me the list of hospitals
list-of-hospitals,available list of hospitals
list-of-hospitals,which are the network hospital under medical insurance plan
list-of-hospitals,which are the network hospitals under mediclaim
list-of-hospitals,which are the network hospitals under mediclaim plain
list-of-hospitals,which are the network hospitals under mediclaim plan
list-of-hospitals,which are the network hospitals under medi claim policy
list-of-hospitals,network hospitals under mediclaim policy
list-of-hospitals,show me the network hospitals
list-of-hospitals,mediclaim network hospital list
loss-of-designation,I believe my social standing has gone down with loss of designation 
loss-of-designation,social standing
loss-of-designation,will my social standing go down
loss-of-designation,will my social standing go down with change in designation
mail-group,create a mail group
mail-group,show me my mail group
mail-group,i want to update my mail grou
mail-group,i want to update my mail group
mail-group,mail group
mail-group,Who all are there in my mail group
mail-group,My mail group participants
maternity-limit,What is the maternity limit
maternity-limit,how much i can avail for maternity treatment
mediclaim-insurer,Who is the Mediclaim Insurer  
mediclaim-insurer,Mediclaim Insurer
mediclaim-insurer,medical insurer
mediclaim-insurer,my Mediclaim Insurer
mediclaim-policy,Mediclaim policy
mediclaim-policy,Mediclaim
mediclaim-policy,What is mediclaim policy
mediclaim-policy,i want to know about mediclaim policy
mediclaim-policy,about mediclaim policy
mediclaim-policy,mediclaim policy details
mediclaim-policy,medicliam policy
mediclaim-policy,medicliam policy details
mediclaim-policy,medical insurance
mediclaim-policy,eligibility for a mediclaim
mediclaim-policy,what is my eligibility for a mediclaim
mediclaim-policy,mediclaim eligibility
meeting-events,show me my calendar today
meeting-events,how am placed today
meeting-events,show me the meeting in the calander
meeting-events,show me my schedule for today
meeting-events,how is my calendar today
meeting-events,how is my day placed today
meeting-events,what is my schedule today
meeting-events,show me the meetings i have today
meeting-events,How is my day today
meeting-events,how is my calendar
meeting-events,show my calendar
meeting-events,My meetings
meeting-events,My schedule for today
meeting-events,I want to see my calendar
meeting-events,My schedule.
meeting-events,Meetings for today
meeting-events,View all the meetings
meeting-events,How many meetings I have for today
meeting-events,Who has booked my calendar?
meeting-events,show me the calendar meeting events
meeting-events,do i have any meeting today?
meeting-events,do i have any meetings on 24th of march
meeting-events,do i have any meetings on coming wednesday
members-covered-in-medclaim,members covered in the medclaim policy
members-covered-in-medclaim,who all are covered in medclaim policy
members-covered-in-medclaim,can i cover my family member under mediclaim
members-covered-in-medclaim,are my family members covered under mediclaim
members-covered-in-medclaim,family members covered under mediclaim
members-covered-in-medclaim,does mediclaim covers family members
members-covered-in-medclaim,who all from my family are covered under mediclaim
members-covered-in-medclaim,who all are covered in medical policy
move-to-role-based-organization,We still have bands so how come we are saying we are moving to a role based organization?
move-to-role-based-organization,how are we moving to a role based organization?
my-location,whats my location
my-location,my location
my-location,can you find my location ... i feel lost 
my-location,find my location
my-location,i feel like i'm lost
my-location,i'm lost
my-location,where am i
my-location,do you know my location
my-name-is-xxxx,My name is xxxx
my-name-is-xxxx,what is my name?
my-name-is-xxxx,can you tell my name?
my-name-is-xxxx,do you know my name
my-name-is-xxxx,do you know me?
my-name-is-xxxx,what is my name
my-role-band,what is my role band
my-role-band,my role band
my-role-band,my role banding
my-role-band,my new role
my-role-band,my new role banding
my-role-band,what is my role banding
my-role-band,what is my band
my-role-band,how can i know my band
my-role-band,i belong to which band
my-role-band,which band am i in
my-role-band,which band i am in
my-role-band,What is my band
my-role-band,my roleband
my-role-band,my role band
my-role-band,what is my roleband
my-role-band,what is my my role band
my-role-band,what is my current role
my-role-band,what is my colour band
my-role-band,what is my color band
my-role-band,what is my current role band
my-role-band,what is my role band
my-role-band,what role band is mine
my-role-band,which role band is mine
my-role-band,what is my role bamd
netflix,suggest me some good shows on netflix
netflix,i do want to watch television suggest me some good tv shows in netflix
netflix,Shows on netflix
nice-to-meet-you,good to see you
nice-to-meet-you,Good to know you.
nice-to-meet-you,glad to meet you
nice-to-meet-you,nice to meet you
nice-to-meet-you,Nice to meet you
nice-to-meet-you,good to meet you
no-fun-in-life,no fun in life
none-of-the-above,None of the Above
out-of-office,out of office
out-of-office,i'll be out of office from 24th to 25th. trigger an email to my colleagues
out-of-office,out of office on 25th november
out-of-office,out of office from 5th december to 30th december
out-of-office,i'll be out of office tomorrow
out-of-office,i'll be out of office next week
out-of-office,i'm planning to go on vacation
out-of-office,i'm ooo tomorrow
out-of-office,i'm oof 
out-of-office,configure ooo
out-of-office,schedule ooo
out-of-office,I am travelling
out-of-office,I am going on vacation
out-of-office,set automatic reply
out-of-office,automatic replies
out-of-office,set automatic replies
out-of-office,configure automatic reply
out-of-office,out of office from tomorrow
out-of-office,out of office from tomorrow for 10 hours
out-of-office,out of office from tomorrow at 9pm
out-of-office,I will be out of workplace from tomorrow
out-of-office,I want to set Out of Office message
out-of-office,"I will not be coming for 2 days, need to schedule a message"
out-of-office,Book my calendar for out of office
out-of-office,"I am taking off for 2 days, need to create email for it"
out-of-office,apply for out of office
out-of-office,i want to apply for out of office
payslip,show me the payslip
payslip,Specific payslip
payslip,display the payslip for june month
payslip,get the payslip for june month
payslip,payslip for june month
payslip,payslip for june 2109
payslip,payslip for a specific month
payslip,how can i get old salary payslip
payslip,how can i get old payslip
payslip,how to know my payslip
payslip,How to see payslips
payslip,How to see my payslip
payslip,i haven't received my payslip for May 2019
payslip,i haven't received my payslip for Jan 2019
payslip,I want to see my salary
payslip,I want to see my salary slip
payslip,May 2019 pay slip
payslip,May 2019 payslip
payslip,June 2019 pay slip
payslip,show me the latest payslip
payslip,pay slip for May 2018
payslip,pay slip for may 2018
payslip,pay slip for May 2019
payslip,how to access pay slip
payslip,Where is payslip option
payslip,Can i get my payslip?
payslip,payslip for the month of october 2019
payslip,july 2018 payslip
payslip,pls share August 2019 Payroll details
payslip,share November 2019 Payslip
payslip,my paystub
payslip,paystub
payslip,show me paystub
payslip,i want to see paystub
payslip,help me with paystub
payslip,what is my last pay
payslip,What was my last month salary
payslip,What was my salary last month 
payslip,what is my last pay withdrawn
payslip,salary slip
payslip,get my payslip
payslip,what is my pay in the last 3 months 
payslip,show my salaruy
payslip,my salry
payslip,salry
payslip,yes please help me with salary
payslip, what is my salary
payslip, whats my salary
philosophy,What is the philosophy around promotion and progression?
philosophy,What is the philosophy around promotion and progression
philosophy,What is the strategy around promotion and progression
philosophy,strategy around promotion and progression
philosophy,tell me the strategy around promotion and progression
philosophy,tell me about the philosophy around promotion and progression?
philosophy,philosophy around promotion and progression?
policy-related-queries,policy related queries
premium-contribution,What is the premium contribution for Medclaim policy?
premium-contribution,premium contribution for medical insurance
premium-contribution,What is the premium contribution for Medclaim insurance? 
premium-contribution,What is the premium contribution for Medclaim insurance
process-for-medical-treatment,Process for Medical Treatment
process-for-medical-treatment,What is the Process for Medical Treatment
process-for-medical-treatment,Medical treatment process
process-for-medical-treatment,what is the procedure for medical treatment
process-for-medical-treatment,procedure for medical treatment
process-for-medical-treatment,what is the process that needs to be followed for medical treatment
process-for-medical-treatment,procedure to avail medical treatment
process-for-medical-treatment,Process for Emergency Medical Treatment
process-for-medical-treatment,procedure to avail Emergency medical treatment
process-for-medical-treatment,what is the process that needs to be followed for Emergency medical treatment
process-for-medical-treatment,Process for Emergency Medical Treatment in Network Hospitals
process-for-promotion,What is the process for promotion/progression
process-for-promotion,what is the process for promotion
process-for-promotion,what is the process for progression
process-for-promotion,i would like to know the process for promotion
process-for-promotion,could you please tell me about the process to progression
process-for-promotion,process for progression
process-for-promotion,process for promotion
progression-and-promotion,what is Promotion
progression-and-promotion,What is Progression
progression-and-promotion,tell me about progression
progression-and-promotion,tell me about promotion
progression-and-promotion,promotion and progression
progression-and-promotion,what is promotion and progression
promotion-cycle,"Promotions were supposed to be in January, now that the cycle did not happen, will the promotions now be effective from 1st of Jan? We are already three months past Jan. I have lost out on compensation"
promotion-cycle,"Promotions were supposed to be in January, now that the cycle did not happen, will the promotions now be effective from 1st of Jan?"
promotion-cycle,We are already three months past Jan. I have lost out on compensation
promotion-cycle,when will promotion cycle be effective from?
promotion-not-available-immediately,promotion was due
promotion-not-available-immediately,Is promotion available immediately?
promotion-not-available-immediately,will my promotion happen immediately
promotion-not-available-immediately,promotion in my band is not available immediately
promotion-not-available-immediately,when will i get promoted
promotion-not-available-immediately,any idea on promotion dates
promotion-not-available-immediately,promotion dates
promotion-not-available-immediately,Employees (R3 and below) who would have been promoted in January’19 post re-banding may fall in the band where promotion may not be available immediately.
promotion-not-available-immediately,is it possible to give promotion to me in next month.
promotion-with-re-banding,When is promotion going to happen?  Will this happen simultaneously with Re-Banding results? 
promotion-with-re-banding,When is promotion going to happen? 
promotion-with-re-banding,will promotion happen simultaneously with Re-Banding results?
promotion-with-re-banding,when will promotions happen
promotion-with-re-banding,what about promotions
promotion-with-re-banding,How will promotions be handled
promotion-with-re-banding,How will promotions happen
quota-for-progression-in-a-year,Are there any quota for progression in a year
quota-for-progression-in-a-year,total number of progressions in a year
quota-for-progression-in-a-year,allocated number of progressions in this year
quota-for-promotions-in-a-year,Are there any quota for Promotions in a year
quota-for-promotions-in-a-year,quota for Promotions in a year
quota-for-promotions-in-a-year,number of promotions in a year
quota-for-promotions-in-a-year,total number of allocated promotions in a year
quota-for-promotions-in-a-year,maximum number of promotions allocated
quota-for-promotions-in-a-year,total number of allocated promotions allocated 
r_faq_1,can you recommend any particular movers and packers
r_faq_1,"does company recommend any particular transporters,"
r_faq_1,"Does the company recommend any particular movers and packers, transporters, or similar service providers?"
r_faq_1,movers and packers recommended by company
r_faq_1,recommended packers and movers
r_faq_1,which packer and mover agency to go with
r_faq_1,which transporter agency should i hire
r_faq_10,for availing the brokerage fee expense reimbursement what documents need to be submitted
r_faq_10,What documents need to be submitted for availing the brokerage fee expense  reimbursement?
r_faq_10,brokerage fee expense reimbursement?
r_faq_10,brokerage fee expense reimbursement
r_faq_2,what time i get to submit joining expenses claims
r_faq_2,What is the maximum time extension I can get to submit joining expenses claims?
r_faq_2,how much time we get to submit joining expenses claims
r_faq_2,joining expenses claims
r_faq_2,expense claims
r_faq_2,by when can i submit joining expenses claims
r_faq_2,last date to submit expense claims for joining
r_faq_2,by when do i need to submit expense claims
r_faq_2,joining expense claims deadline
r_faq_3,on which joining expenses taxes are there
r_faq_3,joining expenses claim that are taxable
r_faq_3,Which joining expense claims are taxable?
r_faq_3,taxable
r_faq_3,taxed
r_faq_3,pay tax on expense claims
r_faq_3,taxes on expense claims
r_faq_4,should i return my joining expense claims when i leave the company
r_faq_4, when i leave the company should i return my joining expense claim
r_faq_4,return my joining expense
r_faq_4,Will I need to return my joining expense claims in case I leave the organisation?
r_faq_5,Does initial stay include food and laundry reimbursements as well?
r_faq_5,do we get reimbursement on food and laundry
r_faq_5,do we also have food and laundry reimbursement 
r_faq_6,i want leave to help my family move
r_faq_6,Can I take leave to help my family move?
r_faq_6,i want to apply leave to help my family move
r_faq_7,road travel to location of posting reimbursement is available for role-bands R1
r_faq_7,Is road travel to location of posting not reimbursed for role-bands R1? 
r_faq_8,till what age my children will be treated dependent
r_faq_8, Who will be treated as dependent children?
r_faq_9,What is the travel limit beyond which the employee is eligible for claiming joining expenses?
r_faq_9,for claiming joining expenses what should be the minimum travel distance
reason-for-not-promoting,I didn’t get promoted/progression. What is the reason
reason-for-not-promoting,what is the reason for not getting promoted
reason-for-not-promoting,reason  for not getting promoted
reason-for-not-promoting,why was i not promoted
reason-for-not-promoting,why was i not promoted. who should i talk to
reason-for-not-promoting,who should i talk to i am not promoted
reason-for-not-promoting,I didn’t get promoted. What is the reason?
reason-for-not-promoting,I didn’t get progression. What is the reason?
reason-for-not-promoting,I didn’t get promoted. What could be the reason?
reason-for-not-promoting,i want to know the reason for not getting promoted
reason-for-not-promoting,what could be the reason for not getting a promotion
reimbursement-for-official-expenses,Reimbursement for official expenses
reimbursement-for-official-expenses,official expenses Reimbursement
reimbursement-for-official-expenses,Employee Reimbursement link
reimbursement-for-official-expenses,I need to reimburse some official expenditure
reimbursement-for-official-expenses,I need to reimburse some office related expenditure
reimbursement-of-hospitalization-expenses,Reimbursement of Pre & Post Hospitalization Expenses:
reimbursement-of-hospitalization-expenses,Reimbursement of Pre & Post Hospitalization Expenses
reimbursement-of-hospitalization-expenses,Reimbursement Hospitalization Expenses
restrictions-in-the-policy,What are some restrictions in the policy
restrictions-in-the-policy,what are some of the restrictions in the policy
restrictions-in-the-policy,What is the limit for room
restrictions-in-the-policy,What is the limit for room in the policy
restrictions-in-the-policy,"What is the limit for room, ambulance, maternity limit, "
restrictions-in-the-policy,What is the limit for ambulance in the policy
restrictions-in-the-policy,What is the limit for  maternity limit in the policy
restrictions-in-the-policy,Is cataract covered. What is the limit for lens.
restrictions-in-the-policy,Is cataract covered
restrictions-in-the-policy,how much should i pay for a room
restrictions-in-the-policy,what is the limit for room
restrictions-in-the-policy,how much i can avail for maternity treatment
restrictions-in-the-policy,What is the maternity limit
restrictions-in-the-policy,Is physiotherapy covered
restrictions-in-the-policy,Is physiotherapy covered
restrictions-in-the-policy,IVF covered
restrictions-in-the-policy,In-Vitro fertilization
restrictions-in-the-policy,Is In-Vitro fertilization covered
restrictions-in-the-policy,is IVF covered
restrictions-in-the-policy,Is physiotherapy covered
restrictions-in-the-policy,Is physiotherapy covered
restrictions-in-the-policy,what is the hospital room rent under mediclaim policy
restrictions-in-the-policy,what is the ambulance limit mediclaim policy
role-banding-achievement,What does this initiative aspire to achieve?
role-banding-achievement,What does role banding initiative aspire to achieve?
role-banding-achievement,role banding initiative
role-banding-achievement,inspiration behind role banding
role-banding-achievement,what is the purpose of role banding
role-banding-achievement,purpose of role banding
role-banding-achievement,purpose behind of role banding
role-banding-achievement,purpose behind role banding
role-banding-achievement,role banding purpose
role-banding-achievement,reason behind role banding
role-banding-achievement,inspiration for role banding
role-banding-achievement,what can be achieved with role banding
role-banding-achievement,role banding acheivement
role-banding-achievement,more about role banding
role-banding-achievement,tell me more about role banding
role-banding-achievement,what is role banding
role-banding-achievement,What is a role band
role-banding-achievement,what is role banding excercise
role-banding-achievement,what is role band
role-banding-achievement,tell me about role banding
role-banding-achievement,what do you mean by role banding
role-banding-achievement,what is rolebanding
role-banding-achievement,role banding
role-banding-achievement,banding role
role-banding-layoffs,Will the new bands lead to more layoffs? Is there another wave coming?
role-banding-layoffs,will there be any layoffs 
role-banding-layoffs,layoffs
role-banding-layoffs,is this for layoffs
role-banding-layoffs,is role banding for layoffs
role-banding-layoffs,is role banding being done for layoffs
role-banding-layoffs,Will the new bands lead to more layoffs? 
role-banding-layoffs,Is there another wave coming?
role-banding-layoffs,is this being done for cost cutting
role-banding-layoffs,is this a cost cutting exercise
role-banding-layoffs,am i demoted
role-banding-layoffs,will i be demoted
role-banding-layoffs,is role banding for demotion
role-banding-layoffs,earlier i was manager now i am team member is it a demotion
role-banding-layoffs,is it a demotion
role-banding-was-unnecessary,i feel role banding was un necessary
role-banding-was-unnecessary,role banding will not be fruitful
role-banding-was-unnecessary,i feel this is waste of time
role-banding-was-unnecessary,i feel this wont be successful
role-banding-was-unnecessary,will this be successful
role-banding-was-unnecessary,i feel role banding was unnecessary
role-banding-was-unnecessary,role banding was unnecessary
role-banding-was-unnecessary,role banding
role-change-and-promotion,"My role changed recently, why it was not treated/ classified/considered as promotion or progression"
role-change-and-promotion,"My role changed recently, why it was not treated as promotion "
role-change-and-promotion,"My role changed recently, why it was not treated as progression"
role-change-and-promotion,"My role changed recently, why it was not classified as promotion"
role-change-and-promotion,"My role changed recently, why it was not considered as promotion"
role-change-and-promotion,"My role changed recently, why it was not considered as progression"
role-change-and-promotion,"My role changed recently, why it was not classified as progression"
role-change-and-promotion,recently my role got changed. but why was it not classified as promotion or progression
role-change-and-promotion,even after my role getting changed it was considered as neither promotion nor progression
role-change-and-promotion,my role changed but i didnt get a promotion
role-change-and-promotion,My role changed but I didn’t get a promotion
s-the-movement-from-a-role-in-band-blue-to-a-role-in-green-band-considered-a-promotion,Is the movement from a role in band blue to a role in green band considered a promotion 
s-the-movement-from-a-role-in-band-blue-to-a-role-in-green-band-considered-a-promotion,Is the movement from a role in band green to a role in yellow band considered a promotion
s-the-movement-from-a-role-in-band-blue-to-a-role-in-green-band-considered-a-promotion,Is the movement from a role in B band to G band considered a promotion - same as below
salary-advance,Am i eligible for salary advance  ?
salary-advance,salary advance  
salary-advance,salary advance eligibilty
salary-advance,i need salary in advance
salary-and-promotion-progression-linkage,Salary and promotion/progression linkage
salary-and-promotion-progression-linkage,what is the link between salary and promotion
salary-and-promotion-progression-linkage,what is the link between salary and progression
salary-and-promotion-progression-linkage,how is salary related to progression
salary-and-promotion-progression-linkage,how is salary related to promotion
salary-and-promotion-progression-linkage,what is the relation between salary and promotion
salary-and-promotion-progression-linkage,what is the relation between salary and progression
salary-increase-promotion,"If I get a promotion, will I get salary increase"
salary-increase-promotion,If I get a promotion will I get salary increase
salary-increase-promotion,will promotion leads to salary increase
salary-increase-promotion,salary increase and promotion
salary-increase-promotion,salary increase and promotion
salary-increase-promotion,will i get an increase in salary with promotion
salary-increase-promotion,will i get an increment in salary with progression
salary-increase-promotion,will i get an increase in salary with progression
salary-increase-promotion,increment with progression
salary-increase-promotion,increment with promotion
salary-increase-promotion,If I get a promotion will I get salary increase
salary-increase-promotion,will i get an increase with a progression
salary-increase-promotion,I got a promotion will i get a hike 
salary-increase-promotion,will i get a salary hike if get a promotion
salary-increase-promotion,i got promoted will there be any hike in my salary
salary-increase-promotion,will my salary increase with progression
salary-increase-promotion,will my salary increase after progression
salary-increase-promotion,will my salary increase after promotion
salary-less-than-previous-month,Why my salary is less than the previous month?
salary-less-than-previous-month,Why my salary is less than the previous month
salary-less-than-previous-month,why is my salary less
salary-less-than-previous-month,salary less than previous month
salary-less-than-previous-month,why i got less salary
salient-features-of-group-mediclaim-policy,Salient Features of Group Mediclaim Policy
salient-features-of-group-mediclaim-policy,what are the feature of  Group Mediclaim Policy
salient-features-of-group-mediclaim-policy,some features of  Group Mediclaim Policy
salient-features-of-group-mediclaim-policy,Group Mediclaim Policy features
salient-features-of-group-mediclaim-policy,where can i see my mediclaim benifits
salient-features-of-group-mediclaim-policy,how to see my mediclaim benifits
salient-features-of-group-mediclaim-policy,how to see my mediclaim benefits
salient-features-of-group-mediclaim-policy,group mediclaim benifits
same-band-after-promotion,I just had a promotion and now I see my band is the same as colleagues who were previously in a lower band
same-band-after-promotion,my band is same as colleagues who were previously in a lower band
same-band-after-promotion,same band as colleagues who were previously in a lower band
same-band-after-promotion,same band after promotion
sap-password,can you help me change my sap password
sap-password,i need to change my sap password please help me
sap-password,i need to change my sap password. how do i do it
schedule-meeting,I wan to schedule a meeting
schedule-meeting,schedule a meeting
schedule-meeting,i want to schedule a meeting from jan 2019 to jan 2019
schedule-meeting,I want to schedule a meeting from june 1st
schedule-meeting,i want to schedule a meeting on january 1st 2019
schedule-meeting,i want to schedule meeting tomorrow 10 am to 11 am
schedule-meeting,book a meeting tomorrow
schedule-meeting,book a meeting on 24 aug
schedule-meeting,block my time
schedule-meeting,block the meeting 
schedule-meeting,schedule a meeting for me
schedule-meeting,block meeting for me
schedule-meeting,Block calendar
schedule-meeting,I want to block calendar of Raghu
schedule-meeting,Join a discussion with gaurav
schedule-meeting,Book calendar of gaurav
schedule-meeting,Calendar booking
schedule-meeting,Organize meeting
schedule-meeting,Meet with Shubhi
schedule-meeting,Schedule a meet with Shubhi
schedule-meeting,Schedule a discussion with Shubhi
schedule-meeting,How to block calendar of Kishore
schedule-meeting,can you set up a meeting with rajdeep
schedule-meeting,can you set up a connect
schedule-meeting,can you set up a sync up
schedule-meeting,create a sync up tomorrow
schedule-meeting,schedule a connect
schedule-meeting,schedule a sync up meeting
schedule-meeting,arrange meeting tomorrow
schedule-meeting,I want to know about rajesh
schedule-meeting,search for @rajdeep
schedule-meeting,Show my CEO's profile data
schedule-meeting,I want to have a meeting with Rajesh
schedule-meeting,can you organise a meeting with rajesh
schedule-meeting,block my calendar tomorrow
schedule-meeting,block calendar with rajesh
schedule-meeting,can you block my calendar from 7 to 8 am tomorrow
schedule-meeting,I want to have a meeting with @nasrullah
shut-up-and-go-away,shut up and go away
shut-up-other-profanities,shut up  (other profanities)
sla-for-reimbursement,what is sla for reimbursement
sla-for-reimbursement,sla for reimbursement
sla-for-reimbursement,what is sla for reimbursment
sla-for-reimbursement,time line for sla
sla-for-reimbursement,SLA  reimbursement
sm_faq_1,i am a new recruit can i avail maternity leave
sm_faq_1,Are trainees and new recruits entitled to maternity leave?
sm_faq_1,can new recruits avail maternity leave
sm_faq_1,can trainees entitled to maternity leave
sm_faq_1,are trainees entitled to maternity leave
sm_faq_1,are new recruits entitled to maternity leave
sm_faq_1,are new commers entitled to maternity leave
sm_faq_11,is maternity leave available
sm_faq_11,do you have maternity leave
sm_faq_11,do the company offers maternity leave
sm_faq_11,maternity leave
sm_faq_11,can we apply for maternity leave
sm_faq_11,do we have a provision for maternity leave
sm_faq_11,do we have maternal leave
sm_faq_11,do we have maternity leave
sm_faq_12,paternity leave
sm_faq_12,do the company offers paternity leave
sm_faq_12,do you have paternity leave
sm_faq_12,is paternity leave available
sm_faq_12,can we apply for paternity leave
sm_faq_12,Do we have paternal leave
sm_faq_2,Can I claim reimbursement on expenses of hospitalization during birth?
sm_faq_2,is there any reimbursement on expenses of hospitalization during birth
sm_faq_2,can i get money back on expenses of hospitalization during birth
sm_faq_2,reimbursement on expenses of hospitalization during birth
sm_faq_3,is there any upper limit for claiming maternity benefits on number of pregnancies
sm_faq_3,Are there any restrictions on the number of pregnancies I can claim maternity benefits for?
sm_faq_3,is there a limit to which i can claim maternity benefits 
sm_faq_3,on how many pregnancies i can get maternity benefits
sm_faq_3,limit to claim maternity benfits
sm_faq_4,can i join paternity leaves with annual paid leave
sm_faq_4,Can maternity or paternity leave be clubbed with annual paid leave?
sm_faq_4,can we club paternity leaves with annual paid leave
sm_faq_4,can we club maternity leaves with annual paid leave
sm_faq_4,can paternity and annual paid leaves be clubbe
sm_faq_4,can paternity and annual paid leaves be clubbed
sm_faq_5,can we encash maternity or paternity leave
sm_faq_5,can i carry forward paternity or maternity leave
sm_faq_5,Can maternity or paternity leave be encashed?
sm_faq_5,can we encash paternity leave
sm_faq_5,can we encash maternity leave
sm_faq_5,can we carry forward paternity leave
sm_faq_5,can we carry forward maternity leave
sm_faq_6,can anyone reject an application for paternity leave
sm_faq_6,can my application for paternity leave be rejected
sm_faq_6,can supervisor can say no to paternity leave
sm_faq_6,Can the supervisor reject an application for paternity leave?
sm_faq_6,can paternity leave be rejected
sm_faq_7,Can I take leave in case of Illness arising out of pregnancy?
sm_faq_7,i want leave due to illness arising out of pregnancy
sm_faq_8,will i definitely get sabbatical leave
sm_faq_8,can my application for sabbatical be rejected
sm_faq_8,Can my request for a sabbatical be rejected?
sm_faq_8,can sabbatical leave be rejected
sm_faq_9,i want to take sabbatical but my leaves are left
sm_faq_9,can i take sabbatical  even if i have leaves left
sm_faq_9,"If I choose to take a sabbatical, can I do so only if I first use up my leaves?"
sm_faq_9,do i need to use my leaves first to choose sabbatical leave
sm_faq_9,do i need to use my leaves first to apply for sabbatical leave
stopping-promotions,Was it worth stopping promotions for one year?
stopping-promotions,is it worth stopping promotion
stopping-promotions,Was it worth stopping promotions ?
stopping-promotions,stopping of promotions
suggest-me-some-shows-on-netflix,Suggest me some shows on netflix
suggets-me-some-good-good,suggets me some good food
tea-or-coffee,tea or coffee
tell-me-a-joke,tell me a joke
tell-me-about-your-personality,tell me about your personality
tell-me-about-your-personality,what about your personality
tell-me-about-your-personality,i would like to know about your personality
tell-me-about-your-personality,whats your personality
tell-me-about-your-personality,your personality
tell-me-about-your-personality,tell me about your personality
tell-me-something-funny,tell me something funny
temperature,what is the temperature now?
temperature,temperature
temperature,what is the temperature
thank-you,Thank you
thank-you,thnx
thank-you,thks
thank-you,thanks
thank-you,thx
thank-you,thank u
thanks-a-lot,Thanks a lot
thanks-a-lot,no thanks
time-limit-for-submitting-documents,what is the time limit for submitting the documents
time-limit-for-submitting-documents,time limit for submitting the documents
time-limit-for-submitting-documents,for submitting the documents what is the time limit
time-limit-for-submitting-documents,tell me the time limit for document submission
time-to-get-promoted,What is the typical tenure to get promoted to next level
time-to-get-promoted,time to get promoted
time-to-get-promoted,duration to get promoted
time-to-get-promoted,how much time does it generally take to get promoted
time-to-get-promoted,how long it takes to get promoted after joining the company
todays-notifications,show me todays notifications
todays-notifications,what are my notifications today
todays-notifications,show me todays notifications
travel-advance,Travel Advance
travel-advance,link for Travel Advance
travel-advance,Travel Advance link
trendy,Trendy
trendy,What is trending now
tv,do you like movies
tv,do you watch television
tv,do you see tv
tv,do you watch movies
tv,do you watch movies on television
tv,what kind of movies do you like
tv,movies that you like on tv
tv,do you watch any movies on television
tv,whats the last movie that you watched on television
tv,whats you favourite show on television
voluntary-add-on-packs,Voluntary Add-on Packs
voluntary-add-on-packs,What are the available Voluntary Add-on Packs?  
voluntary-add-on-packs,show me the available Voluntary Add-on Packs
voluntary-add-on-packs,What are the available Add-on Packs?  
what-day-is-it-today,What day is it today?
what-do-you-do-with-my-data-do-you-save-what-i-say,What do you do with my data? / Do you save what I say?
what-do-you-look-like,What do you look like?
what-do-you-prefer-tea-or-coffee,what do you prefer tea or coffee
what-do-you-think-if-better-tea-or-coffee,what do you think if better tea or coffee
what-do-you-work-on,what do you work on
what-does-the-new-band-structure-look-like,What does the new band structure look like
what-does-the-new-band-structure-look-like,new band structure
what-does-the-new-band-structure-look-like,how does new band structure look
what-does-the-new-band-structure-look-like,organisation structure
what-does-the-new-band-structure-look-like,new organisation structure
what-does-the-new-band-structure-look-like,role band organisation structure
what-does-the-new-band-structure-look-like,want to know about organizational structure
what-does-the-new-band-structure-look-like,I want to know about organizational structure
what-is-going-on-social-media,what is going on social media
what-is-the-role-band-of-my-superior,What is the role band of my superior
what-is-the-role-band-of-my-superior,what is the role band of my colleague
what-is-the-role-band-of-my-superior,can i know the role band of my manager
what-is-the-role-band-of-my-superior,can i know the role band of my superior
what-is-trending-now,what is trending now
what-is-viral-on-social-media,what is viral on social media
what-is-your-favourite-book,What is your favourite book?
what-is-your-favourite-colour,What is your favourite colour?
what-is-your-favourite-movie,What is your favourite movie
what-is-your-favourite-quote,What is your favourite quote?
what-is-your-job,What is your job?
what-is-your-mothers-name,What is your mother’s name?
what-is-your-name,What is your name?
what-is-your-name,Who are you ?
what-is-your-name,tell me about yourself
what-is-your-name,what is your name
what-is-your-name,please tell me your name
what-is-your-name,tell me your name
what-time-is-it,What time is it?
what-will-be-my-promotion-salary-increase,What will be my promotion salary increase
what-will-be-my-promotion-salary-increase,how much salary i will get after promotion
what-will-be-my-promotion-salary-increase,what hike i can expect after promotion
what-will-be-my-promotion-salary-increase,how much increment i can get after promotion
what-will-be-my-promotion-salary-increase,how much increment i can get after progression
what-will-be-my-promotion-salary-increase,What will be my promotion salary increase:
what-will-be-my-promotion-salary-increase,what will be my salary increase on promotion
what-will-be-my-promotion-salary-increase,what will be my promotion salary increase
what-will-be-my-promotion-salary-increase,what will the salary increase be if i promoted
whats-the-best-place-according-to-you,Whats the best place according to you?
whats-the-weather-like-today,What’s the weather like today?
whats-the-weather-like-today,How is the weather outside
whats-the-weather-like-today,How is the weather
whats-the-weather-like-today,Is it raining
whats-the-weather-like-today,how is the climate today
whats-the-weather-like-today,how is climate outside
whats-you-age,whats you age
whats-you-favourite-dish,Whats you favourite dish
whats-you-favourite-show-on-netflix,whats you favourite show on netflix
whats-you-favourite-song,whats you favourite song?
whats-your-age,your age
whats-your-age,whats your age
whats-your-age,how old are you
whats-your-age,what is your age
whats-your-age,how old are you
whats-your-favourite-city,whats your favourite city
whats-your-favourite-food,your favourite dish
whats-your-favourite-food,whats your favourite food item
whats-your-favourite-food,i'm hungry suggest me something to eat
whats-your-favourite-food,what you do eat regularly
whats-your-favourite-food,whats your favourite dish
whats-your-favourite-food,whats your favourite food
whats-your-favourite-food,suggest me something to eat
whats-your-favourite-food,fav food
whats-your-favourite-food,favorite food
whats-your-favourite-food,favourite food
whats-your-work,whats your work
whatsup,whatsup
whatsup,buddy whasup
whatsup,whatsup man
whatsup,whatsup buddy
when-were-you-created,When were you created?
when-will-i-get-promoted,what time i will be promoted
when-will-i-get-promoted,when do i get promoted
when-will-i-get-promoted,when do someone get promoted
when-will-i-get-promoted,when can i get promoted
when-will-i-get-promoted,how many times can someone get promoted
when-will-i-get-promoted,When will I get promotion?
where-do-you-live,Where do you live?
where-is-my-title-placed-in-hierarchy,Where is my title placed in hierarchy
where-is-my-title-placed-in-hierarchy,where do i stand in the hierarchy
where-is-my-title-placed-in-hierarchy,where do i stand in the growth map
where-is-my-title-placed-in-hierarchy,criteria for banding
where-is-my-title-placed-in-hierarchy,criteria for role banding
where-is-my-title-placed-in-hierarchy,criteria for role
where-is-my-title-placed-in-hierarchy,criteria for banding
which-languages-can-you-speak,Which languages can you speak?
which-languages-can-you-speak,Do you know Hindi
which-languages-can-you-speak,do you know telugu
which-languages-can-you-speak,do you speak telugu
which-languages-can-you-speak,do you speak hindi
which-languages-can-you-speak,Which language you understand
which-languages-can-you-speak,which language do you understand
which-languages-can-you-speak,can you understand telugu
which-languages-can-you-speak,can you understand hindi
who-am-i,Who am I?
who-built-you,Who built you
who-built-you,Who made you
who-built-you,who built you
who-decides-role-band-fitting,Who decided and approved my role band fitting?
who-decides-role-band-fitting,who decides role band fitting
who-decides-role-band-fitting,who will decide the role band
who-decides-role-band-fitting,who will decide which band i should be in
who-decides-role-band-fitting,who validated my band
who-decides-role-band-fitting,How was my band determined
who-decides-role-band-fitting,how did you classify the employees
who-decides-role-band-fitting,employee classification on role band
who-decides-role-band-fitting,premise of employee classification
who-decides-role-band-fitting,how was classification done
who-decides-role-band-fitting,how was role band determined
who-decides-role-band-fitting,selection process of role band
who-decides-role-band-fitting,How it was divided the role band
who-decides-role-band-fitting,how was role banding determined
who-else-is-placed-with-me-in-this-role-band,Who else is placed with me in this role band? 
who-else-is-placed-with-me-in-this-role-band,Who is placed with me in this role band?
who-else-is-placed-with-me-in-this-role-band,Who all are placed with me in this role band
who-else-is-placed-with-me-in-this-role-band,Who all are placed with me role banding
who-is-your-boss,who do you think rules you
who-is-your-boss,whom do you work under
who-is-your-boss,your head
who-is-your-boss,Who is your boss
who-is-your-boss,your boss
who-is-your-boss,your manager
who-is-your-boss,Who is your manager
who-is-your-boss,Who is your manager
who-is-your-boss,Who is your reporting manager
who-is-your-boss,Who is your owner
who-is-your-boss,Who is your Boss
who-is-your-daddy,who is your grand mother
who-is-your-daddy,Who is your mother
who-is-your-daddy,Who is your father
who-is-your-daddy,your mummy
who-is-your-daddy,Who is your daddy
who-is-your-daddy,your mom?
who-is-your-daddy,Who is your god father
who-is-your-daddy,who is your maternal uncle
who-is-your-daddy,who is your grand father
who-is-your-favourite-actor,who is your favourite actor
who-is-your-favourite-actress,who is your favourite actress
who-made-you,who made you
who-questions,who is nashrulla
who-questions,who is rajesh kumar
who-questions,who is Md Nasrullah Khan
who-questions,who is rajesh kumar kovuri
who-questions,who is rajdeep ghosh
who-questions,who is sumanth
who-questions,who is rajesh's manager
who-questions,who reports to rajesh
who-questions,who is my manager
who-questions,who reports to me
who-questions,i want to know whom i report to 
who-questions,i want to know the manager of nasrullah
who-questions,tell me about hemanth
who-questions,tell me about nasrullah
who-questions,tell me about rajdeep
who-questions,i want to know the manager of rajdeep
who-questions,who is Aneshwa K
who-questions,who is rajdeep gosh
who-questions,tell me about @rajdeepghosh 
who-questions,tell me about @nasrullah
who-questions,who reports to me
who-questions,who all are reporting to me
who-questions,show me my reportees
who-questions,who is rajesh kumar kovuri reporting manager
who-questions,my boss
who-questions,who is nasrulla reporting manager
who-questions,who reports to nasrullah
who-questions,who is the reporting manager of nasrullah
who-questions,who are all reports to nasrullah
who-questions,who is above @mdnasrullahk 
who-questions,who is below @mdnasrullahk 
who-questions,who is above rajdeep
who-questions,who is above velraja
who-questions,who is above hemanth kishore
who-questions,who is above rajesh kumar
who-questions,who is below me
who-questions,who is under me
who-questions,who is under nasrullah
who-questions,who is under rajdeeo
who-questions,who is under rajdeep
who-questions,who is unde namrata
who-questions,who is under namrata
who-questions,who is below namrata
who-questions,who is below rajdeep
who-questions,who are my direct reportees
who-questions,get my manager details
who-questions,get my reportees
who-questions,Who is Mukesh's Manager
who-questions,Who does Rajdeep report to
who-questions,Whom does Rajdeep report to
who-questions,Who is the manager of Rajdeep
who-questions,Who manages Rajdeep
who-questions,Who is the boss of Rajdeep
who-questions,What is Rajdeep's manager name
who-questions,What is the name of Rajdeep's manager
who-questions,"Manager can be replaced with Boss, Supervisor etc."
who-questions,Rajdeep is a direct report of which employee
who-questions,Rajdeep is whose direct report
who-questions,Rajdeep reports to whom?
who-questions,Who reports to Rajdeep
who-questions,Who all report to Rajdeep
who-questions,Who belongs to Rajdeep's team
who-questions,Whom does Rajdeep's team contain
who-questions,Whom does Rajdeep's team comprise of
who-questions, Whom does Rajdeep's team constitute
who-questions,Who are in Rajdeep's team
who-questions,Whom does Rajdeep have as direct reports
who-questions,Whom does Rajdeep have as reportees
who-questions,Who are the employees who report to Rajdeep
who-questions,Rajdeep's team has which members
who-questions, Rajdeep's team has which employees
who-questions,Who are the members of Rajdeep team
who-questions,who is g v prasad
who-questions,who is mukesh rathi
who-questions,who is hemanth kishore dasari
who-questions,who is sravan kumar
who-questions,who is velraja
who-questions,reporting associates
who-questions,who are my reporting associates
who-questions,who are nasrullahs reporting associates
who-questions,reporting associates
who-questions,What is email ID of Anurag
who-questions,I want to know the Job title of Anurag
who-questions,I want to know the department of Anurag
who-questions,What is designation of shubhi
who-questions,Designation of gaurav
who-questions,I want to get contact details of Anurag
who-questions,Contact details of Jagdish
who-questions,I want contact details of Raghu
who-questions,Mobile number of Raghu
who-questions,Show me designation of Raghu
who-questions,i want to know about
who-questions,i want to know about mahesh
who-questions,which department does @bamitha  work in
who-questions,who is my l+1
who-questions,who is my l-1
who-questions,who is my plus one
who-questions,who is my plus 1
who-questions,who is my l 1
who-questions,my ceo
who-questions,my chro
who-questions,I want to know about rajdeep
who-questions,tell me about rajdeep
who-questions,tell me about my ceo
who-questions,show rajdeep's bio
who-questions,show rajdeep's data
who-questions,show rajdeep's details
who-questions,swhow my CEO's data
who-questions,show my CEO's profile
who-questions,show rajesh's reportees
who-questions,what is rajesh's email ID
who-questions,rajesh's phone number
who-questions,contact number of rajesh
who-questions,rajesh's job location
who-questions,job location of rajesh
who-questions,rajesh mail id
who-questions,rajesh phone number
who-questions,Phone no. of @rajesh.k 
who-questions,where does rajesh work out of
who-questions,Show my CEO's profile
who-questions,Email ID of rajesh
who-questions,what is @rajesh.k  location
who-questions,Show CEO's profile data
who-questions,Show profile of global PSAI head	
who-questions,search for @rajdeep
who-questions,I want to know about nasrullah
who-questions,i would like to know about @kovuri
who-questions,employee search
who-questions,searching an employee
who-questions,search for colleagues
who-questions,get reportees
who-questions,reportees of @mdnasrullahk 
who-questions,get reportees of @mdnasrullahk 
who-questions,reportees
who-questions,his reportees
who-questions,reportees of nasrullah
who-questions,reportees
who-should-be-contacted-in-case-of-queries-for-payslip-and-leave,Who should be contacted in case of queries for payslip and leave
who-should-be-contacted-in-case-of-queries-for-payslip-and-leave,whom to contact incase of queries for payslip and leave
who-should-be-contacted-in-case-of-queries-for-payslip-and-leave,who should i contact incase queries for payslip and leave
who-should-be-contacted-in-case-of-queries-for-payslip-and-leave,who should i contact incase of queries for payslip and leave
who-should-be-contacted-in-case-of-queries-for-payslip-and-leave,"I have issue regarding my leave balance, whom should I contact?"
who-should-be-contacted-in-case-of-queries-for-payslip-and-leave,"My leave balance is showing less leaves, whom can I ask regarding this?"
whos-your-boss-master,Who’s your boss / master?
why-are-we-removing-designations,Why are we removing designations?
why-are-we-removing-designations,why designations are removed?
why-are-we-removing-designations,why remove designations?
why-are-we-removing-designations,why replace designations
why-are-we-removing-designations,removing  designations
why-are-we-removing-designations,no designation
why-are-we-removing-designations,why no designation
why-are-we-removing-designations,why removing designations
why-are-we-removing-designations,i have a client facing role
why-are-we-removing-designations,what happens to my designations
why-are-we-removing-designations,What do I print on my visiting card
why-are-we-removing-designations,What should I print on my visiting card
why-are-we-removing-designations,Can I not use my old designation
why-are-we-removing-designations,using my old designations
why-are-you-here,whats your purpose of existece
why-are-you-here,whats your purpose of existence
why-many-sub-bands-at-junior-level,Why are there so many sub bands at junior level?
why-many-sub-bands-at-junior-level,why so many bands at junior level
why-many-sub-bands-at-junior-level,why are there so many bands
why-promotion-and-progression,Why there are two things - promotion  progression
why-promotion-and-progression,why there are two things promotion and progression
why-role-banding,Why is the role band change exercise being conducted
why-role-banding,is role banding needed
why-role-banding,role banding means?
why-role-banding,can i know about role band 
why-role-banding,can i know about role banding 
why-role-banding,can i know about role band rainbow
why-role-banding,define the role banding
why-role-banding,define the role bands
why-role-banding,define role banding
why-role-banding,define role bands
why-role-banding,knowledge about role bands
why-role-banding,explain me about role band
why-role-banding,explain me about role banding
why-role-banding,new role banding
why-role-banding,new role band
why-role-banding,role bands
why-role-banding,why role binding
why-role-banding,why change role
why-role-banding,i want to know about role banding 
why-role-banding,role banding means
will-my-compensation-reduce,will my compensation reduce? 
will-my-compensation-reduce,In the new band structure if I am pegged at a lower band will my compensation reduce? 
will-my-compensation-reduce,reduction in compensation
will-my-salary-increase,Will my salary increase
will-my-salary-increase,what will be my salary after role band
will-my-salary-increase,what will happen to my salary
will-my-salary-increase,do i get increment if my role band is changed 
will-my-salary-increase,increment if my role band is changed 
will-my-salary-increase,do i get increment if role band is changed 
will-my-salary-increase,do i get salary correction if i get progression
will-my-salary-increase,How salary restructured to be done
will-my-salary-increase,salary restructuring
will-my-salary-increase,when will my salary be increased
you-are-an-idiot,you are an idiot
you-are-crazy,you are crazy
you-are-just-a-bot-you-are-not-a-person,you are just a person
you-are-just-a-bot-you-are-not-a-person,you're not a human
you-are-just-a-bot-you-are-not-a-person,you're a bot
you-are-just-a-bot-you-are-not-a-person,who are you
you-are-just-a-bot-you-are-not-a-person,who are you
you-are-just-a-bot-you-are-not-a-person,can you tell me who you are
you-are-just-a-bot-you-are-not-a-person,tell me about yourself
you-are-just-a-bot-you-are-not-a-person,who are you
you-are-so-cute,you are so cute
you-idiot,you idiot
you-must-be-an-idiot,you must be an idiot
your-favourite-actor,Your favourite actor
your-favourite-actor,favourite actor
your-favourite-actor,fav hero
your-favourite-actor,who's acting do you like the most
your-favourite-actor,fav actor
your-favourite-actor,Favorite actor
your-favourite-actor,your favourite actor 
your-favourite-actress,Your favourite Actress
your-favourite-actress,tell me about your fav actress
your-favourite-actress,fav actress
your-favourite-actress,favorite actress
your-favourite-actress,your favourite actress 
your-favourite-city,Your favourite city
your-favourite-city,which actress do you like the most
your-favourite-city,which actor do you like the most
your-favourite-city,favorite city
your-favourite-city,fav city
your-favourite-cricketer,Your favourite cricketer
your-favourite-cricketer,whom do you like in cricket
your-favourite-cricketer,Favorite cricketer
your-favourite-cricketer,favorite cricketer
your-favourite-cricketer,favorite sportsperson
your-favourite-cricketer,fav cricket
